Metric,Rows,MAE,RMSE,Pearson_r,Exact_Match
1,240,0.0041675,0.06454972308228751,0.9996981282462863,98.75
2,240,7.0833333333329e-06,2.6614532371117225e-05,0.9999999999451556,92.91666666666667
3,160,0.0,0.0,1.0,100.0
