Metric,Rows,MAE,RMSE,Pearson_r,Exact_Match
1,240,1.2499999999998622e-06,1.1180339887497717e-05,0.9999999999907225,98.75
2,240,6.666666666666222e-06,2.581988897471439e-05,0.9999999999483578,93.33333333333333
3,160,0.0,0.0,1.0,100.0
