Metric,Rows,MAE,RMSE,Pearson_r,Exact_Match
1,240,0.08908458333333333,0.4879566238833803,0.9822795676954554,94.58333333333333
2,240,0.06528458333333333,0.3606837651715605,0.9899203096571394,88.33333333333333
3,160,0.08125,0.44017042154147523,0.8725702888725367,95.0
