Metric,Rows,MAE,RMSE,Pearson_r,Exact_Match
1,240,1.1050654166666665,2.7563003364337857,-0.03550653023432353,4.166666666666666
2,240,1.03231625,2.6825193853835114,-0.049555625490111464,11.25
3,160,0.644565625,1.0154684990498226,0.19485000898913718,36.875
